username,password
admin,password123
admin,password123
admin,password123
admin,password123
admin,password123
admin,password123
admin,password123
admin,password123
admin,password123
admin,password123
admin,password123
admin,password123
admin,password123
admin,password123
admin,password123
admin,password123
admin,password123
admin,password123
admin,password123
admin,password123
admin,password123
admin,password123
admin,password123
admin,password123
admin,password123
admin,password123
admin,password123
admin,password123
admin,password123
admin,password123
admin,password123
admin,password123
admin,password123
admin,password123
admin,password123
admin,password123
admin,password123
admin,password123
admin,password123
admin,password123
admin,password123
admin,password123
admin,password123
admin,password123
admin,password123
admin,password123
admin,password123
admin,password123
admin,password123
admin,password123
admin,password123
admin,password123
admin,password123
admin,password123
admin,password123
admin,password123
admin,password123
admin,password123
admin,password123
admin,password123
admin,password123
admin,password123
admin,password123
admin,password123
admin,password123
admin,password123
admin,password123
admin,password123
admin,password123
admin,password123
admin,password123
admin,password123
admin,password123
admin,password123
admin,password123
admin,password123
admin,password123
admin,password123
admin,password123
admin,password123
admin,password123
admin,password123
admin,password123
admin,password123
admin,password123
admin,password123
admin,password123
admin,password123
admin,password123
admin,password123
admin,password123
admin,password123
admin,password123
admin,password123
admin,password123
admin,password123
admin,password123
admin,password123
admin,password123
admin,password123
admin,password123
admin,password123
admin,password123
admin,password123
admin,password123
admin,password123
admin,password123
admin,password123
admin,password123
admin,password123
admin,password123
admin,password123
admin,password123
admin,password123
admin,password123
admin,password123
admin,password123
admin,password123
admin,password123
admin,password123
admin,password123
admin,password123
admin,password123
admin,password123
admin,password123
admin,password123
admin,password123
admin,password123
admin,password123
admin,password123
admin,password123
admin,password123
admin,password123
admin,password123
admin,password123
admin,password123
admin,password123
admin,password123
admin,password123
admin,password123
admin,password123
admin,password123
admin,password123
admin,password123
admin,password123
admin,password123
admin,password123
admin,password123
admin,password123
admin,password123
admin,password123
admin,password123
admin,password123
admin,password123
admin,password123
admin,password123
admin,password123
admin,password123
admin,password123
admin,password123
admin,password123
admin,password123
admin,password123
admin,password123
admin,password123
admin,password123
admin,password123
admin,password123
admin,password123
admin,password123
admin,password123
admin,password123
admin,password123
admin,password123
admin,password123
admin,password123
admin,password123
admin,password123
admin,password123
admin,password123
admin,password123
admin,password123
admin,password123
admin,password123
admin,password123
admin,password123
admin,password123
admin,password123
admin,password123
admin,password123
admin,password123
admin,password123
admin,password123
admin,password123
admin,password123
admin,password123
admin,password123
admin,password123
admin,password123
admin,password123